"Marca temporal","¿Consume pan?","Número de integrantes de la familia","¿Qué tan importante es la ingesta de pan diariamente? 1 al 5, siendo 5 la más importante","Con que frecuencia consume pan","Cuando compra pan, ¿Qué prefiere usted?","Al momento de comprar pan, ¿Donde lo realiza?","¿Qué variable considera al momento de comprar pan envasado?","¿Porque razón compra pan envasado principalmente?","Respecto al tamaño del envase,¿Cuál prefiere?","¿Qué marca de pan envasado prefiere?","¿Con qué frecuencia consume pan envasado?"
"2018/11/19 12:05:41 p. m. GMT-3","Si","3 integrantes","3","todos los días","envasado","Supermercados","Precio","Durabilidad","250 gramos","Marcas tradicionales de supermercados","todos los días"
"2018/11/19 12:05:58 p. m. GMT-3","Si","3 integrantes","5","todos los días","pan preparado","Supermercados","Todas las anteriores","Sabor","700 gramos","Fuch","todos los días"
"2018/11/19 12:06:06 p. m. GMT-3","Si","Más de 3 integrantes","4","todos los días","granel","Almacenes de barrio","Cantidad","Ocaciones especiales","700 gramos","Castaño","ocacionalmente"
"2018/11/19 12:06:33 p. m. GMT-3","Si","3 integrantes","4","todos los días","granel","Panderias","Precio","Ocaciones especiales","580 gramos","Ideal","ocacionalmente"
"2018/11/19 12:07:51 p. m. GMT-3","Si","3 integrantes","2","3 o más veces por semana","pan preparado","Panderias","Marca","Rápido de preparar","580 gramos","Ideal","ocacionalmente"
"2018/11/19 12:08:07 p. m. GMT-3","Si","3 integrantes","5","todos los días","granel","Panderias","Precio","Rápido de preparar","580 gramos","Marcas tradicionales de supermercados","ocacionalmente"
"2018/11/19 12:08:59 p. m. GMT-3","Si","2 integrantes","5","todos los días","envasado","Panderias","Precio","Rápido de preparar","700 gramos","Ideal","ocacionalmente"
"2018/11/19 12:09:16 p. m. GMT-3","Si","Más de 3 integrantes","4","todos los días","granel","Panderias","Cantidad","Ocaciones especiales","700 gramos","Fuch","ocacionalmente"
"2018/11/19 12:09:18 p. m. GMT-3","Si","3 integrantes","3","3 o más veces por semana","pan preparado","Almacenes de barrio","Precio","Rápido de preparar","700 gramos","Cena","ocacionalmente"
"2018/11/19 12:10:17 p. m. GMT-3","Si","Más de 3 integrantes","4","3 o más veces por semana","granel","Panderias","Todas las anteriores","Ocaciones especiales","700 gramos","Ideal","ocacionalmente"
"2018/11/19 12:10:40 p. m. GMT-3","Si","Más de 3 integrantes","5","todos los días","granel","Panderias","Precio","Ocaciones especiales","700 gramos","Fuch","ocacionalmente"
"2018/11/19 12:13:16 p. m. GMT-3","Si","Más de 3 integrantes","2","todos los días","granel","Almacenes de barrio","Precio","Ocaciones especiales","300 gramos","Fuch","ocacionalmente"
"2018/11/19 12:13:37 p. m. GMT-3","Si","2 integrantes","3","ocasionalmente","pan preparado","Almacenes de barrio","Precio","Ocaciones especiales","700 gramos","Fuch","ocacionalmente"
"2018/11/19 12:13:50 p. m. GMT-3","Si","Más de 3 integrantes","3","ocasionalmente","granel","Supermercados","Precio","Durabilidad","700 gramos","Castaño","ocacionalmente"
"2018/11/19 12:15:16 p. m. GMT-3","Si","2 integrantes","3","todos los días","granel","Panderias","Todas las anteriores","Durabilidad","300 gramos","Castaño","ocacionalmente"
"2018/11/19 12:15:33 p. m. GMT-3","Si","Más de 3 integrantes","4","todos los días","pan preparado","Panderias","Todas las anteriores","","300 gramos","Ideal",""
"2018/11/19 12:15:59 p. m. GMT-3","Si","Más de 3 integrantes","4","todos los días","granel","Panderias","Cantidad","","700 gramos","Ideal",""
"2018/11/19 12:16:56 p. m. GMT-3","Si","Más de 3 integrantes","3","todos los días","granel","Panderias","Precio","Ocasiones especiales","580 gramos","Cena","ocasionalmente"
"2018/11/19 12:17:40 p. m. GMT-3","Si","3 integrantes","2","ocasionalmente","granel","Supermercados","Todas las anteriores","Durabilidad","700 gramos","Ideal",""
"2018/11/19 12:17:52 p. m. GMT-3","Si","Más de 3 integrantes","3","ocasionalmente","granel","Almacenes de barrio","Precio","Rápido de preparar","700 gramos","Castaño","ocasionalmente"
"2018/11/19 12:18:30 p. m. GMT-3","Si","2 integrantes","1","ocasionalmente","envasado","Supermercados","Valor nutricional","Rápido de preparar","700 gramos","Fuch","3 veces por semana"
"2018/11/19 12:19:58 p. m. GMT-3","Si","Más de 3 integrantes","4","todos los días","pan preparado","Panderias","Todas las anteriores","Ocasiones especiales","300 gramos","Fuch","ocasionalmente"
"2018/11/19 12:20:31 p. m. GMT-3","Si","Más de 3 integrantes","3","todos los días","pan preparado","Panderias","Cantidad","Sabor","300 gramos","Castaño","ocasionalmente"
"2018/11/19 12:21:56 p. m. GMT-3","Si","Más de 3 integrantes","5","todos los días","granel","Panderias","Marca","Ocasiones especiales","700 gramos","Castaño","ocasionalmente"
"2018/11/19 12:22:16 p. m. GMT-3","Si","Más de 3 integrantes","5","ocasionalmente","granel","Panderias","Valor nutricional","Rápido de preparar","250 gramos","Castaño",""
"2018/11/19 12:25:23 p. m. GMT-3","No ( si tu escogiste esta alternativa finaliza la encuesta)","","3","","granel","Panderias","Precio","Ocasiones especiales","580 gramos","Marcas tradicionales de supermercados","ocasionalmente"
"2018/11/19 12:26:52 p. m. GMT-3","Si","3 integrantes","2","todos los días","envasado","Supermercados","Valor nutricional","Sabor","250 gramos","Fuch","todos los días"
"2018/11/19 12:28:11 p. m. GMT-3","Si","Más de 3 integrantes","5","todos los días","granel","Panderias","Cantidad","Ocasiones especiales","300 gramos","Ideal","ocasionalmente"
"2018/11/19 12:28:38 p. m. GMT-3","Si","3 integrantes","4","todos los días","granel","Almacenes de barrio","Todas las anteriores","Ocasiones especiales","700 gramos","Castaño","ocasionalmente"
"2018/11/19 12:29:12 p. m. GMT-3","Si","vivo solo","2","ocasionalmente","indiferente","Panderias","Todas las anteriores","Durabilidad","250 gramos","Castaño","ocasionalmente"
"2018/11/19 12:30:54 p. m. GMT-3","Si","Más de 3 integrantes","5","todos los días","pan preparado","Supermercados","Cantidad","Rápido de preparar","700 gramos","Ideal","ocasionalmente"
"2018/11/19 12:32:39 p. m. GMT-3","Si","Más de 3 integrantes","4","3 o más veces por semana","pan preparado","Panderias","Todas las anteriores","Ocasiones especiales","700 gramos","Ideal","ocasionalmente"
"2018/11/19 12:40:45 p. m. GMT-3","No ( si tu escogiste esta alternativa finaliza la encuesta)","vivo solo","1","ocasionalmente","granel","Supermercados","Marca","Sabor","250 gramos","Castaño","ocasionalmente"
"2018/11/19 12:45:02 p. m. GMT-3","Si","2 integrantes","3","todos los días","granel","Almacenes de barrio","Precio","Ocasiones especiales","580 gramos","Ideal","ocasionalmente"
"2018/11/19 12:47:45 p. m. GMT-3","Si","2 integrantes","4","todos los días","granel","Panderias","Todas las anteriores","Ocasiones especiales","250 gramos","Marcas tradicionales de supermercados","ocasionalmente"
"2018/11/19 12:48:56 p. m. GMT-3","Si","2 integrantes","5","todos los días","granel","Panderias","Todas las anteriores","Ocasiones especiales","250 gramos","Marcas tradicionales de supermercados","ocasionalmente"
"2018/11/19 12:51:42 p. m. GMT-3","Si","Más de 3 integrantes","5","3 o más veces por semana","pan preparado","Panderias","Precio","Ocasiones especiales","300 gramos","Ideal","ocasionalmente"
"2018/11/19 12:51:55 p. m. GMT-3","Si","Más de 3 integrantes","5","todos los días","granel","Panderias","Todas las anteriores","Ocasiones especiales","700 gramos","Castaño","ocasionalmente"
"2018/11/19 12:55:43 p. m. GMT-3","Si","Más de 3 integrantes","2","3 o más veces por semana","envasado","Supermercados","Todas las anteriores","Sabor","580 gramos","Ideal","3 veces por semana"
"2018/11/19 12:56:55 p. m. GMT-3","Si","Más de 3 integrantes","4","todos los días","granel","Panderias","Todas las anteriores","Ocasiones especiales","700 gramos","Castaño","ocasionalmente"
"2018/11/19 1:08:20 p. m. GMT-3","Si","3 integrantes","5","todos los días","indiferente","Supermercados","Todas las anteriores","Rápido de preparar","250 gramos","Castaño","3 veces por semana"
"2018/11/19 1:13:04 p. m. GMT-3","Si","Más de 3 integrantes","3","todos los días","granel","Panderias","Cantidad","Rápido de preparar","580 gramos","Castaño","ocasionalmente"
"2018/11/19 1:13:55 p. m. GMT-3","Si","3 integrantes","4","3 o más veces por semana","envasado","Supermercados","Valor nutricional","Durabilidad","580 gramos","Ideal","todos los días"
"2018/11/19 1:16:29 p. m. GMT-3","Si","2 integrantes","5","todos los días","pan preparado","Panderias","Marca","Ocasiones especiales","580 gramos","Fuch","ocasionalmente"
"2018/11/19 1:18:04 p. m. GMT-3","Si","Más de 3 integrantes","5","todos los días","pan preparado","Almacenes de barrio","Marca","Rápido de preparar","300 gramos","Marcas tradicionales de supermercados","ocasionalmente"
"2018/11/19 1:19:10 p. m. GMT-3","Si","3 integrantes","3","todos los días","pan preparado","Almacenes de barrio","Cantidad","Durabilidad","250 gramos","Ideal","ocasionalmente"
"2018/11/19 1:24:13 p. m. GMT-3","Si","Más de 3 integrantes","1","todos los días","pan preparado","Supermercados","Todas las anteriores","Durabilidad","300 gramos","Marcas tradicionales de supermercados","ocasionalmente"
"2018/11/19 1:26:35 p. m. GMT-3","Si","3 integrantes","3","todos los días","pan preparado","Almacenes de barrio","Cantidad","Ocasiones especiales","700 gramos","Ideal","ocasionalmente"
"2018/11/19 1:28:26 p. m. GMT-3","Si","Más de 3 integrantes","5","todos los días","pan preparado","Supermercados","Cantidad","Rápido de preparar","700 gramos","Marcas tradicionales de supermercados","ocasionalmente"
"2018/11/19 1:36:53 p. m. GMT-3","Si","Más de 3 integrantes","4","todos los días","pan preparado","Almacenes de barrio","Cantidad","Rápido de preparar","700 gramos","Fuch","ocasionalmente"
"2018/11/19 1:37:04 p. m. GMT-3","Si","Más de 3 integrantes","4","todos los días","pan preparado","Almacenes de barrio","Precio","Rápido de preparar","700 gramos","Ideal","3 veces por semana"
"2018/11/19 1:41:18 p. m. GMT-3","Si","3 integrantes","3","todos los días","pan preparado","Panderias","Precio","Ocasiones especiales","580 gramos","Cena","ocasionalmente"
"2018/11/19 1:47:39 p. m. GMT-3","Si","2 integrantes","2","todos los días","granel","Panderias","Precio","Ocasiones especiales","700 gramos","Castaño","ocasionalmente"
"2018/11/19 1:50:08 p. m. GMT-3","Si","2 integrantes","4","3 o más veces por semana","granel","Almacenes de barrio","Todas las anteriores","Ocasiones especiales","300 gramos","Cena","ocasionalmente"
"2018/11/19 1:51:22 p. m. GMT-3","Si","vivo solo","5","todos los días","envasado","Supermercados","Marca","Durabilidad","250 gramos","Castaño","todos los días"
"2018/11/19 1:54:20 p. m. GMT-3","Si","Más de 3 integrantes","5","todos los días","granel","Panderias","Precio","Ocasiones especiales","700 gramos","Marcas tradicionales de supermercados","ocasionalmente"
"2018/11/19 1:56:05 p. m. GMT-3","Si","Más de 3 integrantes","2","ocasionalmente","pan preparado","Panderias","Todas las anteriores","Ocasiones especiales","250 gramos","Marcas tradicionales de supermercados","ocasionalmente"
"2018/11/19 1:59:16 p. m. GMT-3","Si","Más de 3 integrantes","3","3 o más veces por semana","pan preparado","Panderias","Todas las anteriores","Rápido de preparar","300 gramos","Ideal","ocasionalmente"
"2018/11/19 2:02:31 p. m. GMT-3","Si","vivo solo","3","3 o más veces por semana","pan preparado","Almacenes de barrio","Valor nutricional","Rápido de preparar","580 gramos","Fuch","ocasionalmente"
"2018/11/19 2:05:33 p. m. GMT-3","Si","Más de 3 integrantes","5","todos los días","granel","Panderias","Todas las anteriores","Ocasiones especiales","700 gramos","Castaño","ocasionalmente"
"2018/11/19 2:07:38 p. m. GMT-3","Si","Más de 3 integrantes","5","todos los días","pan preparado","Almacenes de barrio","Todas las anteriores","Ocasiones especiales","700 gramos","Castaño","ocasionalmente"
"2018/11/19 2:07:40 p. m. GMT-3","Si","Más de 3 integrantes","5","todos los días","pan preparado","Almacenes de barrio","Todas las anteriores","Ocasiones especiales","700 gramos","Castaño","ocasionalmente"
"2018/11/19 2:16:17 p. m. GMT-3","Si","Más de 3 integrantes","3","3 o más veces por semana","indiferente","Almacenes de barrio","Todas las anteriores","Sabor","700 gramos","Fuch","3 veces por semana"
"2018/11/19 2:17:35 p. m. GMT-3","Si","3 integrantes","3","todos los días","pan preparado","Supermercados","Todas las anteriores","Ocasiones especiales","700 gramos","Cena","ocasionalmente"
"2018/11/19 2:22:11 p. m. GMT-3","No ( si tu escogiste esta alternativa finaliza la encuesta)","Más de 3 integrantes","3","ocasionalmente","granel","Panderias","Precio","Ocasiones especiales","250 gramos","Castaño","ocasionalmente"
"2018/11/19 2:28:40 p. m. GMT-3","Si","2 integrantes","2","ocasionalmente","pan preparado","Panderias","Todas las anteriores","Ocasiones especiales","700 gramos","Ideal","ocasionalmente"
"2018/11/19 2:31:57 p. m. GMT-3","Si","3 integrantes","1","ocasionalmente","granel","Panderias","Todas las anteriores","Ocasiones especiales","250 gramos","Ideal","ocasionalmente"
"2018/11/19 2:36:56 p. m. GMT-3","Si","Más de 3 integrantes","5","todos los días","pan preparado","Panderias","Todas las anteriores","Rápido de preparar","700 gramos","Castaño","ocasionalmente"
"2018/11/19 2:59:17 p. m. GMT-3","No ( si tu escogiste esta alternativa finaliza la encuesta)","Más de 3 integrantes","3","todos los días","pan preparado","Almacenes de barrio","Precio","Rápido de preparar","580 gramos","Cena","ocasionalmente"
"2018/11/19 3:00:38 p. m. GMT-3","Si","Más de 3 integrantes","2","todos los días","pan preparado","Almacenes de barrio","Precio","Rápido de preparar","580 gramos","Cena","ocasionalmente"
"2018/11/19 3:00:38 p. m. GMT-3","Si","Más de 3 integrantes","3","todos los días","granel","Panderias","Cantidad","Ocasiones especiales","250 gramos","Ideal","ocasionalmente"
"2018/11/19 3:01:42 p. m. GMT-3","Si","3 integrantes","5","todos los días","granel","Almacenes de barrio","Precio","Ocasiones especiales","700 gramos","Marcas tradicionales de supermercados","ocasionalmente"
"2018/11/19 3:08:24 p. m. GMT-3","Si","3 integrantes","2","todos los días","indiferente","Panderias","Todas las anteriores","Ocasiones especiales","300 gramos","Marcas tradicionales de supermercados","ocasionalmente"
"2018/11/19 3:20:01 p. m. GMT-3","Si","Más de 3 integrantes","5","todos los días","granel","Panderias","Cantidad","Ocasiones especiales","700 gramos","Ideal","ocasionalmente"
"2018/11/19 3:24:45 p. m. GMT-3","Si","2 integrantes","3","todos los días","pan preparado","Supermercados","Todas las anteriores","Sabor","250 gramos","Castaño","3 veces por semana"
"2018/11/19 3:26:24 p. m. GMT-3","Si","2 integrantes","4","todos los días","indiferente","Supermercados","Valor nutricional","Sabor","300 gramos","Castaño","todos los días"
"2018/11/19 3:32:54 p. m. GMT-3","Si","2 integrantes","4","todos los días","granel","Almacenes de barrio","Todas las anteriores","Ocasiones especiales","580 gramos","Castaño","ocasionalmente"
"2018/11/19 3:50:34 p. m. GMT-3","Si","2 integrantes","3","todos los días","granel","Panderias","Todas las anteriores","Ocasiones especiales","580 gramos","Castaño","ocasionalmente"
"2018/11/19 3:53:59 p. m. GMT-3","Si","Más de 3 integrantes","5","todos los días","granel","Almacenes de barrio","Cantidad","Ocasiones especiales","250 gramos","Ideal","ocasionalmente"
"2018/11/19 3:56:47 p. m. GMT-3","Si","Más de 3 integrantes","5","todos los días","granel","Almacenes de barrio","Todas las anteriores","Ocasiones especiales","250 gramos","Ideal","ocasionalmente"
"2018/11/19 4:37:44 p. m. GMT-3","Si","3 integrantes","5","todos los días","pan preparado","Almacenes de barrio","Todas las anteriores","Ocasiones especiales","250 gramos","Castaño","ocasionalmente"
"2018/11/19 4:57:34 p. m. GMT-3","Si","3 integrantes","4","ocasionalmente","envasado","Supermercados","Todas las anteriores","Rápido de preparar","580 gramos","Marcas tradicionales de supermercados","ocasionalmente"
"2018/11/19 4:58:33 p. m. GMT-3","Si","vivo solo","4","todos los días","granel","Panderias","Valor nutricional","Ocasiones especiales","250 gramos","Ideal","ocasionalmente"
"2018/11/19 5:04:32 p. m. GMT-3","Si","Más de 3 integrantes","3","todos los días","pan preparado","Almacenes de barrio","Todas las anteriores","Ocasiones especiales","250 gramos","Fuch","ocasionalmente"
"2018/11/19 5:07:36 p. m. GMT-3","Si","Más de 3 integrantes","2","todos los días","envasado","Panderias","Precio","Ocasiones especiales","700 gramos","Ideal","ocasionalmente"
"2018/11/19 5:14:51 p. m. GMT-3","Si","Más de 3 integrantes","4","todos los días","granel","Almacenes de barrio","Precio","Ocasiones especiales","700 gramos","Ideal","ocasionalmente"
"2018/11/19 6:13:27 p. m. GMT-3","Si","3 integrantes","5","todos los días","pan preparado","Panderias","Todas las anteriores","Ocasiones especiales","700 gramos","Ideal","ocasionalmente"
"2018/11/19 6:16:27 p. m. GMT-3","Si","Más de 3 integrantes","3","todos los días","granel","Almacenes de barrio","Todas las anteriores","Ocasiones especiales","580 gramos","Castaño","ocasionalmente"
"2018/11/19 7:18:59 p. m. GMT-3","Si","Más de 3 integrantes","5","todos los días","granel","Panderias","Todas las anteriores","Durabilidad","700 gramos","Castaño","ocasionalmente"
"2018/11/19 7:46:50 p. m. GMT-3","Si","Más de 3 integrantes","3","todos los días","granel","Supermercados","Valor nutricional","Sabor","700 gramos","Marcas tradicionales de supermercados","todos los días"
"2018/11/19 7:58:38 p. m. GMT-3","Si","Más de 3 integrantes","2","3 o más veces por semana","envasado","Panderias","Valor nutricional","Sabor","580 gramos","Fuch","3 veces por semana"
"2018/11/19 8:10:21 p. m. GMT-3","Si","Más de 3 integrantes","2","todos los días","granel","Panderias","Valor nutricional","Durabilidad","700 gramos","Fuch","todos los días"
"2018/11/19 8:36:46 p. m. GMT-3","Si","2 integrantes","3","todos los días","granel","Almacenes de barrio","Cantidad","Durabilidad","700 gramos","Ideal","ocasionalmente"
"2018/11/19 10:32:47 p. m. GMT-3","Si","Más de 3 integrantes","5","todos los días","granel","Almacenes de barrio","Precio","Ocasiones especiales","300 gramos","Ideal","ocasionalmente"
"2018/11/19 10:35:05 p. m. GMT-3","Si","Más de 3 integrantes","3","3 o más veces por semana","granel","Almacenes de barrio","Precio","Durabilidad","300 gramos","Ideal","ocasionalmente"
"2018/11/19 10:41:49 p. m. GMT-3","Si","Más de 3 integrantes","5","todos los días","granel","Panderias","Cantidad","Ocasiones especiales","580 gramos","Cena","ocasionalmente"
"2018/11/19 10:42:45 p. m. GMT-3","Si","3 integrantes","3","todos los días","indiferente","Almacenes de barrio","Precio","Rápido de preparar","580 gramos","Ideal","3 veces por semana"
"2018/11/19 10:47:26 p. m. GMT-3","Si","3 integrantes","4","3 o más veces por semana","envasado","Supermercados","Todas las anteriores","Ocasiones especiales","700 gramos","Marcas tradicionales de supermercados","3 veces por semana"
"2018/11/19 10:58:24 p. m. GMT-3","Si","2 integrantes","3","todos los días","granel","Almacenes de barrio","Todas las anteriores","Durabilidad","700 gramos","Ideal","ocasionalmente"
"2018/11/19 11:02:09 p. m. GMT-3","Si","3 integrantes","3","todos los días","granel","Almacenes de barrio","Todas las anteriores","Ocasiones especiales","300 gramos","Fuch","ocasionalmente"
"2018/11/19 11:05:16 p. m. GMT-3","Si","Más de 3 integrantes","1","ocasionalmente","pan preparado","Supermercados","Precio","Sabor","250 gramos","Castaño","ocasionalmente"
"2018/11/19 11:15:59 p. m. GMT-3","Si","3 integrantes","2","ocasionalmente","indiferente","Almacenes de barrio","Precio","Ocasiones especiales","700 gramos","Ideal","ocasionalmente"
"2018/11/19 11:19:17 p. m. GMT-3","Si","3 integrantes","3","todos los días","pan preparado","Supermercados","Todas las anteriores","Durabilidad","250 gramos","Castaño","ocasionalmente"
"2018/11/19 11:32:24 p. m. GMT-3","Si","2 integrantes","3","3 o más veces por semana","envasado","Supermercados","Valor nutricional","Durabilidad","580 gramos","Fuch","3 veces por semana"
"2018/11/20 12:21:45 a. m. GMT-3","Si","3 integrantes","2","3 o más veces por semana","granel","Supermercados","Valor nutricional","Sabor","700 gramos","Fuch","3 veces por semana"
"2018/11/20 12:32:25 a. m. GMT-3","Si","Más de 3 integrantes","4","todos los días","granel","Almacenes de barrio","Precio","Ocasiones especiales","700 gramos","Fuch","ocasionalmente"
"2018/11/20 12:49:20 a. m. GMT-3","Si","Más de 3 integrantes","3","todos los días","pan preparado","Supermercados","Todas las anteriores","Durabilidad","580 gramos","Ideal","todos los días"
"2018/11/20 12:49:49 a. m. GMT-3","Si","2 integrantes","2","todos los días","pan preparado","Supermercados","Todas las anteriores","Durabilidad","300 gramos","Marcas tradicionales de supermercados","todos los días"
"2018/11/20 12:51:09 a. m. GMT-3","Si","3 integrantes","3","todos los días","indiferente","otro","Todas las anteriores","Ocasiones especiales","700 gramos","Fuch","3 veces por semana"
"2018/11/20 12:52:32 a. m. GMT-3","Si","3 integrantes","3","todos los días","indiferente","Supermercados","Valor nutricional","Rápido de preparar","700 gramos","Fuch","3 veces por semana"
"2018/11/20 12:52:33 a. m. GMT-3","Si","3 integrantes","3","3 o más veces por semana","envasado","Supermercados","Todas las anteriores","Ocasiones especiales","700 gramos","Fuch","3 veces por semana"
"2018/11/20 1:00:15 a. m. GMT-3","Si","3 integrantes","3","todos los días","granel","Almacenes de barrio","Cantidad","Ocasiones especiales","300 gramos","Castaño","ocasionalmente"
"2018/11/20 5:31:27 a. m. GMT-3","Si","Más de 3 integrantes","5","todos los días","pan preparado","Supermercados","Todas las anteriores","Rápido de preparar","700 gramos","Ideal","todos los días"
"2018/11/20 9:08:02 a. m. GMT-3","Si","Más de 3 integrantes","3","3 o más veces por semana","granel","Panderias","Valor nutricional","Ocasiones especiales","700 gramos","Fuch","ocasionalmente"
"2018/11/20 9:42:29 a. m. GMT-3","Si","3 integrantes","2","3 o más veces por semana","indiferente","Supermercados","Todas las anteriores","Durabilidad","700 gramos","Marcas tradicionales de supermercados","3 veces por semana"
"2018/11/20 9:47:28 a. m. GMT-3","Si","Más de 3 integrantes","4","todos los días","granel","Almacenes de barrio","Precio","Ocasiones especiales","580 gramos","Fuch","ocasionalmente"
"2018/11/20 9:47:53 a. m. GMT-3","Si","Más de 3 integrantes","3","todos los días","pan preparado","Almacenes de barrio","Todas las anteriores","Rápido de preparar","300 gramos","Castaño","ocasionalmente"
"2018/11/20 9:48:52 a. m. GMT-3","Si","Más de 3 integrantes","4","todos los días","pan preparado","Supermercados","Valor nutricional","Durabilidad","580 gramos","Fuch","ocasionalmente"
"2018/11/20 9:49:53 a. m. GMT-3","Si","Más de 3 integrantes","4","todos los días","pan preparado","Panderias","Cantidad","Ocasiones especiales","700 gramos","Ideal","ocasionalmente"
"2018/11/20 9:50:49 a. m. GMT-3","Si","3 integrantes","3","todos los días","granel","Almacenes de barrio","Precio","Durabilidad","300 gramos","Ideal","todos los días"
"2018/11/20 9:57:03 a. m. GMT-3","Si","Más de 3 integrantes","5","todos los días","granel","Almacenes de barrio","Precio","Durabilidad","700 gramos","Ideal","ocasionalmente"
"2018/11/20 10:08:52 a. m. GMT-3","Si","2 integrantes","3","todos los días","granel","Almacenes de barrio","Todas las anteriores","Rápido de preparar","580 gramos","Ideal","ocasionalmente"
"2018/11/20 10:12:06 a. m. GMT-3","Si","3 integrantes","3","todos los días","pan preparado","Panderias","Valor nutricional","Ocasiones especiales","300 gramos","Fuch","ocasionalmente"
"2018/11/20 11:09:27 a. m. GMT-3","Si","","4","todos los días","pan preparado","Panderias","Todas las anteriores","Ocasiones especiales","700 gramos","Fuch","ocasionalmente"
"2018/11/20 12:54:40 p. m. GMT-3","Si","3 integrantes","5","todos los días","pan preparado","Supermercados","Precio","Durabilidad","700 gramos","Ideal","ocasionalmente"
"2018/11/20 1:45:36 p. m. GMT-3","Si","Más de 3 integrantes","4","todos los días","indiferente","Supermercados","Todas las anteriores","Durabilidad","700 gramos","Cena","3 veces por semana"
"2018/11/20 1:58:53 p. m. GMT-3","Si","Más de 3 integrantes","4","todos los días","envasado","Supermercados","Todas las anteriores","Durabilidad","700 gramos","Castaño","todos los días"
"2018/11/20 2:01:37 p. m. GMT-3","Si","Más de 3 integrantes","2","ocasionalmente","indiferente","Almacenes de barrio","Todas las anteriores","Durabilidad","700 gramos","Fuch","ocasionalmente"
"2018/11/20 2:02:56 p. m. GMT-3","Si","Más de 3 integrantes","5","todos los días","granel","Almacenes de barrio","Marca","Durabilidad","250 gramos","Ideal","ocasionalmente"
"2018/11/20 4:20:36 p. m. GMT-3","Si","2 integrantes","3","todos los días","indiferente","Panderias","Precio","Ocasiones especiales","580 gramos","Fuch","ocasionalmente"
"2018/11/20 4:21:30 p. m. GMT-3","Si","Más de 3 integrantes","3","todos los días","granel","Panderias","Todas las anteriores","Sabor","580 gramos","Ideal","ocasionalmente"
"2018/11/20 4:22:52 p. m. GMT-3","Si","Más de 3 integrantes","4","todos los días","pan preparado","Supermercados","Precio","Sabor","700 gramos","Cena","ocasionalmente"
"2018/11/20 4:23:07 p. m. GMT-3","Si","2 integrantes","5","todos los días","granel","Almacenes de barrio","Cantidad","Ocasiones especiales","700 gramos","Fuch","ocasionalmente"
"2018/11/20 4:35:09 p. m. GMT-3","Si","3 integrantes","3","todos los días","indiferente","Panderias","Cantidad","Ocasiones especiales","700 gramos","Ideal","ocasionalmente"
"2018/11/20 5:04:29 p. m. GMT-3","Si","Más de 3 integrantes","4","todos los días","granel","Almacenes de barrio","Precio","Durabilidad","580 gramos","Castaño","ocasionalmente"
"2018/11/20 8:59:43 p. m. GMT-3","Si","Más de 3 integrantes","5","todos los días","envasado","Supermercados","Marca","Durabilidad","300 gramos","Ideal","todos los días"
"2018/11/20 9:02:29 p. m. GMT-3","Si","2 integrantes","2","todos los días","pan preparado","Supermercados","Precio","Rápido de preparar","700 gramos","Marcas tradicionales de supermercados","3 veces por semana"
"2018/11/20 9:04:18 p. m. GMT-3","Si","3 integrantes","1","3 o más veces por semana","granel","otro","Valor nutricional","Rápido de preparar","250 gramos","Fuch","ocasionalmente"
"2018/11/20 9:10:11 p. m. GMT-3","Si","Más de 3 integrantes","3","3 o más veces por semana","pan preparado","Panderias","Precio","Rápido de preparar","580 gramos","Castaño","3 veces por semana"
"2018/11/20 10:22:08 p. m. GMT-3","Si","3 integrantes","2","3 o más veces por semana","indiferente","Panderias","Cantidad","Ocasiones especiales","250 gramos","Fuch","ocasionalmente"
"2018/11/21 12:23:56 a. m. GMT-3","Si","2 integrantes","5","todos los días","granel","Panderias","Todas las anteriores","Ocasiones especiales","700 gramos","Castaño","ocasionalmente"
"2018/11/21 12:33:31 a. m. GMT-3","Si","vivo solo","1","3 o más veces por semana","envasado","Supermercados","Precio","Durabilidad","300 gramos","Castaño","3 veces por semana"
"2018/11/21 1:26:58 a. m. GMT-3","Si","2 integrantes","4","3 o más veces por semana","granel","Panderias","Todas las anteriores","Ocasiones especiales","580 gramos","Fuch","ocasionalmente"
"2018/11/21 7:29:39 a. m. GMT-3","Si","vivo solo","3","3 o más veces por semana","indiferente","Supermercados","Marca","Sabor","250 gramos","Marcas tradicionales de supermercados","3 veces por semana"
"2018/11/21 7:30:29 a. m. GMT-3","Si","Más de 3 integrantes","5","todos los días","envasado","Supermercados","Precio","Durabilidad","700 gramos","Castaño","todos los días"
"2018/11/21 7:31:31 a. m. GMT-3","Si","2 integrantes","1","ocasionalmente","envasado","Supermercados","Marca","Sabor","250 gramos","Fuch","ocasionalmente"
"2018/11/21 8:44:17 a. m. GMT-3","Si","Más de 3 integrantes","4","3 o más veces por semana","granel","Panderias","Todas las anteriores","Ocasiones especiales","700 gramos","Ideal","ocasionalmente"
"2018/11/21 9:06:32 a. m. GMT-3","Si","Más de 3 integrantes","5","todos los días","granel","Panderias","Precio","Rápido de preparar","700 gramos","Ideal","ocasionalmente"
"2018/11/21 9:36:30 p. m. GMT-3","Si","Más de 3 integrantes","4","todos los días","granel","Almacenes de barrio","Precio","Ocasiones especiales","580 gramos","Castaño","ocasionalmente"
"2018/11/21 10:06:19 p. m. GMT-3","Si","Más de 3 integrantes","3","todos los días","granel","Panderias","Precio","Ocasiones especiales","250 gramos","Ideal","ocasionalmente"
"2018/11/21 10:06:23 p. m. GMT-3","Si","Más de 3 integrantes","5","todos los días","pan preparado","Almacenes de barrio","Precio","Ocasiones especiales","580 gramos","Ideal","ocasionalmente"
"2018/11/21 10:09:04 p. m. GMT-3","Si","Más de 3 integrantes","5","todos los días","pan preparado","Panderias","Todas las anteriores","Rápido de preparar","300 gramos","Ideal","ocasionalmente"
"2018/11/21 10:20:42 p. m. GMT-3","Si","Más de 3 integrantes","4","todos los días","pan preparado","Almacenes de barrio","Marca","Ocasiones especiales","700 gramos","Fuch","ocasionalmente"
"2018/11/21 10:26:41 p. m. GMT-3","Si","Más de 3 integrantes","2","3 o más veces por semana","pan preparado","Supermercados","Todas las anteriores","Ocasiones especiales","300 gramos","Ideal","ocasionalmente"
"2018/11/21 10:33:48 p. m. GMT-3","Si","Más de 3 integrantes","4","todos los días","indiferente","Panderias","Todas las anteriores","Ocasiones especiales","700 gramos","Ideal","ocasionalmente"
"2018/11/21 11:00:50 p. m. GMT-3","Si","Más de 3 integrantes","4","todos los días","pan preparado","Panderias","Precio","Rápido de preparar","300 gramos","Ideal","ocasionalmente"
"2018/11/22 1:00:12 a. m. GMT-3","Si","3 integrantes","3","ocasionalmente","indiferente","Almacenes de barrio","Precio","Durabilidad","300 gramos","Ideal","ocasionalmente"
"2018/11/22 8:09:51 a. m. GMT-3","Si","2 integrantes","3","todos los días","granel","Panderias","Todas las anteriores","Ocasiones especiales","700 gramos","Ideal","ocasionalmente"
"2018/11/22 8:10:28 a. m. GMT-3","No ( si tu escogiste esta alternativa finaliza la encuesta)","3 integrantes","3","todos los días","granel","Panderias","Todas las anteriores","Ocasiones especiales","700 gramos","Ideal","ocasionalmente"
"2018/11/22 8:11:04 a. m. GMT-3","Si","Más de 3 integrantes","2","3 o más veces por semana","granel","Almacenes de barrio","Todas las anteriores","Ocasiones especiales","580 gramos","Castaño","ocasionalmente"
"2018/11/22 8:12:04 a. m. GMT-3","Si","vivo solo","3","todos los días","envasado","Supermercados","Valor nutricional","Durabilidad","300 gramos","Fuch","3 veces por semana"
"2018/11/22 8:12:30 a. m. GMT-3","Si","Más de 3 integrantes","4","todos los días","granel","Almacenes de barrio","Precio","Ocasiones especiales","700 gramos","Ideal","ocasionalmente"
"2018/11/22 8:13:02 a. m. GMT-3","Si","vivo solo","2","ocasionalmente","envasado","Supermercados","Valor nutricional","Durabilidad","300 gramos","Castaño","ocasionalmente"
"2018/11/22 8:13:28 a. m. GMT-3","Si","3 integrantes","3","todos los días","granel","Almacenes de barrio","Precio","Ocasiones especiales","700 gramos","Castaño","ocasionalmente"
"2018/11/22 8:16:32 a. m. GMT-3","Si","Más de 3 integrantes","4","todos los días","granel","Almacenes de barrio","Cantidad","Ocasiones especiales","700 gramos","Ideal","ocasionalmente"
"2018/11/22 8:16:56 a. m. GMT-3","Si","Más de 3 integrantes","5","todos los días","granel","Almacenes de barrio","Cantidad","Ocasiones especiales","700 gramos","Castaño","ocasionalmente"
"2018/11/22 8:17:34 a. m. GMT-3","Si","vivo solo","2","3 o más veces por semana","pan preparado","Supermercados","Todas las anteriores","Rápido de preparar","300 gramos","Fuch","3 veces por semana"
"2018/11/22 8:18:36 a. m. GMT-3","Si","3 integrantes","4","todos los días","granel","Almacenes de barrio","Cantidad","Ocasiones especiales","700 gramos","Castaño","ocasionalmente"
"2018/11/22 8:18:43 a. m. GMT-3","Si","3 integrantes","4","todos los días","granel","Almacenes de barrio","Cantidad","Ocasiones especiales","700 gramos","Castaño","ocasionalmente"
"2018/11/22 8:18:46 a. m. GMT-3","Si","3 integrantes","4","todos los días","granel","Almacenes de barrio","Cantidad","Ocasiones especiales","700 gramos","Castaño","ocasionalmente"
"2018/11/22 8:19:47 a. m. GMT-3","No ( si tu escogiste esta alternativa finaliza la encuesta)","Más de 3 integrantes","1","ocasionalmente","indiferente","Supermercados","Valor nutricional","Durabilidad","250 gramos","Fuch","ocasionalmente"
"2018/11/22 8:20:37 a. m. GMT-3","No ( si tu escogiste esta alternativa finaliza la encuesta)","vivo solo","1","ocasionalmente","envasado","Supermercados","Valor nutricional","Durabilidad","580 gramos","Castaño","3 veces por semana"
"2018/11/22 8:20:59 a. m. GMT-3","Si","vivo solo","3","3 o más veces por semana","envasado","Supermercados","Valor nutricional","Durabilidad","580 gramos","Castaño","3 veces por semana"
"2018/11/22 8:21:26 a. m. GMT-3","Si","2 integrantes","4","todos los días","granel","Almacenes de barrio","Cantidad","Ocasiones especiales","580 gramos","Ideal","ocasionalmente"
"2018/11/22 8:21:48 a. m. GMT-3","Si","Más de 3 integrantes","5","todos los días","granel","Almacenes de barrio","Cantidad","Ocasiones especiales","700 gramos","Ideal","ocasionalmente"
"2018/11/22 8:23:41 a. m. GMT-3","Si","Más de 3 integrantes","5","todos los días","granel","Panderias","Cantidad","Sabor","700 gramos","Ideal","ocasionalmente"
"2018/11/22 8:24:56 a. m. GMT-3","Si","Más de 3 integrantes","3","todos los días","granel","Panderias","Cantidad","Sabor","700 gramos","Ideal","ocasionalmente"
"2018/11/22 8:25:35 a. m. GMT-3","Si","vivo solo","1","ocasionalmente","envasado","Supermercados","Valor nutricional","Sabor","300 gramos","Fuch","ocasionalmente"
"2018/11/22 8:26:29 a. m. GMT-3","Si","Más de 3 integrantes","5","todos los días","granel","Almacenes de barrio","Cantidad","Ocasiones especiales","700 gramos","Ideal","ocasionalmente"
"2018/11/22 8:26:54 a. m. GMT-3","Si","vivo solo","1","ocasionalmente","envasado","Supermercados","Valor nutricional","Durabilidad","300 gramos","Castaño","ocasionalmente"
"2018/11/22 8:29:44 a. m. GMT-3","Si","Más de 3 integrantes","3","todos los días","granel","Almacenes de barrio","Cantidad","Ocasiones especiales","700 gramos","Ideal","ocasionalmente"
"2018/11/22 8:30:30 a. m. GMT-3","Si","Más de 3 integrantes","3","todos los días","envasado","Supermercados","Valor nutricional","Rápido de preparar","700 gramos","Ideal","todos los días"
"2018/11/22 8:47:16 a. m. GMT-3","Si","Más de 3 integrantes","4","todos los días","granel","Panderias","Cantidad","Sabor","700 gramos","Ideal","ocasionalmente"
"2018/11/22 8:48:14 a. m. GMT-3","Si","Más de 3 integrantes","5","todos los días","granel","Almacenes de barrio","Cantidad","Ocasiones especiales","700 gramos","Ideal","ocasionalmente"
"2018/11/22 8:48:30 a. m. GMT-3","Si","Más de 3 integrantes","3","todos los días","granel","Almacenes de barrio","Cantidad","Ocasiones especiales","580 gramos","Castaño","ocasionalmente"
"2018/11/22 8:48:48 a. m. GMT-3","Si","Más de 3 integrantes","3","todos los días","granel","Panderias","Cantidad","Durabilidad","580 gramos","Fuch","ocasionalmente"
"2018/11/22 8:49:17 a. m. GMT-3","Si","2 integrantes","1","ocasionalmente","granel","Panderias","Cantidad","Ocasiones especiales","700 gramos","Fuch","ocasionalmente"
"2018/11/22 8:49:39 a. m. GMT-3","Si","vivo solo","3","ocasionalmente","granel","Supermercados","Marca","Sabor","700 gramos","Ideal","ocasionalmente"
"2018/11/22 8:50:04 a. m. GMT-3","No","Más de 3 integrantes","3","todos los días","granel","Panderias","Cantidad","Sabor","580 gramos","Cena","ocasionalmente"
"2018/11/22 8:50:30 a. m. GMT-3","Si","Más de 3 integrantes","4","todos los días","granel","Almacenes de barrio","Cantidad","Durabilidad","700 gramos","Castaño","ocasionalmente"
"2018/11/22 8:50:51 a. m. GMT-3","Si","Más de 3 integrantes","3","todos los días","granel","Almacenes de barrio","Cantidad","Durabilidad","580 gramos","Castaño","ocasionalmente"
"2018/11/22 12:42:15 p. m. GMT-3","Si","vivo solo","2","todos los días","envasado","Supermercados","Valor nutricional","Durabilidad","300 gramos","Ideal","todos los días"
"2018/11/22 12:42:40 p. m. GMT-3","Si","Más de 3 integrantes","4","todos los días","granel","Almacenes de barrio","Cantidad","Ocasiones especiales","700 gramos","Castaño","ocasionalmente"
"2018/11/22 12:43:21 p. m. GMT-3","Si","2 integrantes","3","3 o más veces por semana","granel","Panderias","Cantidad","Sabor","580 gramos","Ideal","ocasionalmente"
"2018/11/22 12:50:58 p. m. GMT-3","Si","3 integrantes","3","todos los días","granel","Almacenes de barrio","Precio","Ocasiones especiales","700 gramos","Fuch","ocasionalmente"
"2018/11/22 12:51:54 p. m. GMT-3","Si","Más de 3 integrantes","4","todos los días","granel","Almacenes de barrio","Cantidad","Ocasiones especiales","580 gramos","Marcas tradicionales de supermercados","ocasionalmente"
"2018/11/22 2:17:11 p. m. GMT-3","Si","2 integrantes","3","todos los días","granel","Panderias","Cantidad","Sabor","300 gramos","Castaño","ocasionalmente"
"2018/11/22 2:17:36 p. m. GMT-3","Si","3 integrantes","4","todos los días","pan preparado","otro","Cantidad","Rápido de preparar","250 gramos","Cena","ocasionalmente"
"2018/11/22 2:18:03 p. m. GMT-3","Si","vivo solo","2","ocasionalmente","envasado","Supermercados","Valor nutricional","Durabilidad","250 gramos","Ideal","ocasionalmente"
"2018/11/22 7:16:30 p. m. GMT-3","Si","2 integrantes","1","3 o más veces por semana","granel","Supermercados","Cantidad","Durabilidad","300 gramos","Fuch","3 veces por semana"
"2018/11/22 7:16:45 p. m. GMT-3","Si","vivo solo","1","3 o más veces por semana","pan preparado","Panderias","Todas las anteriores","Sabor","580 gramos","Cena","3 veces por semana"
"2018/11/22 7:17:01 p. m. GMT-3","No ( si tu escogiste esta alternativa finaliza la encuesta)","2 integrantes","3","3 o más veces por semana","granel","Panderias","Valor nutricional","Rápido de preparar","300 gramos","Ideal","ocasionalmente"
"2018/11/22 7:17:17 p. m. GMT-3","No ( si tu escogiste esta alternativa finaliza la encuesta)","2 integrantes","3","3 o más veces por semana","pan preparado","Supermercados","Valor nutricional","Rápido de preparar","250 gramos","Marcas tradicionales de supermercados","todos los días"
"2018/11/22 7:17:31 p. m. GMT-3","Si","Más de 3 integrantes","5","todos los días","granel","Supermercados","Precio","Ocasiones especiales","700 gramos","Fuch","ocasionalmente"
"2018/11/22 7:17:32 p. m. GMT-3","Si","2 integrantes","4","3 o más veces por semana","pan preparado","Panderias","Cantidad","Durabilidad","580 gramos","Ideal","3 veces por semana"
"2018/11/22 7:17:49 p. m. GMT-3","No ( si tu escogiste esta alternativa finaliza la encuesta)","2 integrantes","3","ocasionalmente","indiferente","Panderias","Valor nutricional","Rápido de preparar","250 gramos","Ideal","todos los días"
"2018/11/22 7:18:18 p. m. GMT-3","Si","Más de 3 integrantes","5","todos los días","envasado","Supermercados","Marca","Rápido de preparar","580 gramos","Castaño","3 veces por semana"
"2018/11/22 7:29:45 p. m. GMT-3","Si","Más de 3 integrantes","4","todos los días","granel","Almacenes de barrio","Precio","Ocasiones especiales","700 gramos","Ideal","ocasionalmente"
"2018/11/23 12:25:43 a. m. GMT-3","Si","3 integrantes","4","todos los días","granel","Almacenes de barrio","Cantidad","Ocasiones especiales","700 gramos","Castaño","ocasionalmente"
"2018/11/23 12:26:02 a. m. GMT-3","Si","vivo solo","1","ocasionalmente","envasado","Supermercados","Valor nutricional","Rápido de preparar","300 gramos","Ideal","ocasionalmente"
"2018/11/23 1:18:58 p. m. GMT-3","Si","vivo solo","1","ocasionalmente","envasado","Supermercados","Valor nutricional","Durabilidad","300 gramos","Fuch","ocasionalmente"
"2018/11/23 1:20:03 p. m. GMT-3","No ( si tu escogiste esta alternativa finaliza la encuesta)","vivo solo","4","3 o más veces por semana","pan preparado","Supermercados","Valor nutricional","Rápido de preparar","700 gramos","Marcas tradicionales de supermercados","ocasionalmente"
"2018/11/23 1:20:22 p. m. GMT-3","Si","3 integrantes","3","todos los días","granel","Almacenes de barrio","Cantidad","Sabor","700 gramos","Fuch","ocasionalmente"
"2018/11/23 1:20:40 p. m. GMT-3","Si","Más de 3 integrantes","4","todos los días","granel","Panderias","Cantidad","Sabor","700 gramos","Ideal","ocasionalmente"
"2018/11/23 1:20:55 p. m. GMT-3","Si","Más de 3 integrantes","5","todos los días","granel","Almacenes de barrio","Cantidad","Ocasiones especiales","700 gramos","Fuch","ocasionalmente"
"2018/11/23 1:21:13 p. m. GMT-3","Si","Más de 3 integrantes","5","todos los días","granel","Panderias","Cantidad","Sabor","700 gramos","Castaño","ocasionalmente"
"2018/11/23 1:21:33 p. m. GMT-3","Si","3 integrantes","3","todos los días","granel","Panderias","Precio","Ocasiones especiales","700 gramos","Castaño","ocasionalmente"
"2018/11/23 1:21:49 p. m. GMT-3","Si","Más de 3 integrantes","4","todos los días","granel","Panderias","Cantidad","Durabilidad","700 gramos","Fuch","ocasionalmente"
"2018/11/23 1:22:08 p. m. GMT-3","Si","3 integrantes","5","ocasionalmente","granel","Supermercados","Cantidad","Ocasiones especiales","700 gramos","Ideal","ocasionalmente"
"2018/11/23 1:22:46 p. m. GMT-3","Si","3 integrantes","5","todos los días","granel","Almacenes de barrio","Precio","Durabilidad","300 gramos","Ideal","ocasionalmente"
"2018/11/23 1:23:01 p. m. GMT-3","Si","Más de 3 integrantes","4","todos los días","indiferente","Almacenes de barrio","Precio","Sabor","700 gramos","Fuch","ocasionalmente"
"2018/11/23 1:23:15 p. m. GMT-3","Si","Más de 3 integrantes","3","todos los días","granel","Almacenes de barrio","Precio","Ocasiones especiales","700 gramos","Castaño","ocasionalmente"
"2018/11/23 1:23:29 p. m. GMT-3","Si","3 integrantes","3","todos los días","granel","Panderias","Valor nutricional","Durabilidad","300 gramos","Fuch","3 veces por semana"
"2018/11/23 1:23:45 p. m. GMT-3","Si","Más de 3 integrantes","3","ocasionalmente","granel","Almacenes de barrio","Precio","Durabilidad","580 gramos","Fuch","ocasionalmente"
"2018/11/23 1:24:00 p. m. GMT-3","Si","Más de 3 integrantes","3","todos los días","granel","Supermercados","Valor nutricional","Rápido de preparar","580 gramos","Castaño","ocasionalmente"
"2018/11/23 1:24:18 p. m. GMT-3","Si","3 integrantes","3","todos los días","granel","Panderias","Cantidad","Sabor","580 gramos","Fuch","ocasionalmente"
"2018/11/23 1:24:35 p. m. GMT-3","Si","Más de 3 integrantes","3","todos los días","granel","Almacenes de barrio","Precio","Ocasiones especiales","700 gramos","Ideal","ocasionalmente"
"2018/11/23 1:24:53 p. m. GMT-3","Si","Más de 3 integrantes","3","todos los días","granel","Almacenes de barrio","Precio","Ocasiones especiales","700 gramos","Castaño","ocasionalmente"
"2018/11/23 1:25:09 p. m. GMT-3","Si","Más de 3 integrantes","3","todos los días","granel","Almacenes de barrio","Precio","Ocasiones especiales","700 gramos","Fuch","ocasionalmente"
"2018/11/23 1:25:26 p. m. GMT-3","Si","Más de 3 integrantes","3","todos los días","granel","Almacenes de barrio","Precio","Ocasiones especiales","700 gramos","Ideal","ocasionalmente"
"2018/11/23 1:25:45 p. m. GMT-3","Si","Más de 3 integrantes","3","todos los días","granel","Almacenes de barrio","Precio","Ocasiones especiales","700 gramos","Ideal","ocasionalmente"
"2018/11/23 1:25:59 p. m. GMT-3","Si","Más de 3 integrantes","3","todos los días","granel","Almacenes de barrio","Cantidad","Ocasiones especiales","580 gramos","Ideal","ocasionalmente"
"2018/11/23 1:26:15 p. m. GMT-3","Si","Más de 3 integrantes","3","todos los días","granel","Almacenes de barrio","Precio","Ocasiones especiales","580 gramos","Fuch","ocasionalmente"
"2018/11/23 1:26:31 p. m. GMT-3","Si","Más de 3 integrantes","3","todos los días","granel","Almacenes de barrio","Precio","Ocasiones especiales","700 gramos","Marcas tradicionales de supermercados","ocasionalmente"
"2018/11/23 1:26:45 p. m. GMT-3","Si","Más de 3 integrantes","3","todos los días","granel","Almacenes de barrio","Precio","Ocasiones especiales","700 gramos","Ideal","ocasionalmente"
"2018/11/23 1:27:00 p. m. GMT-3","Si","Más de 3 integrantes","3","todos los días","granel","Almacenes de barrio","Precio","Ocasiones especiales","700 gramos","Fuch","ocasionalmente"
"2018/11/23 1:27:15 p. m. GMT-3","Si","Más de 3 integrantes","3","todos los días","granel","Almacenes de barrio","Precio","Ocasiones especiales","700 gramos","Ideal","ocasionalmente"
"2018/11/23 1:27:30 p. m. GMT-3","Si","Más de 3 integrantes","3","todos los días","granel","Almacenes de barrio","Precio","Ocasiones especiales","700 gramos","Castaño","ocasionalmente"
"2018/11/23 1:27:46 p. m. GMT-3","Si","2 integrantes","2","ocasionalmente","envasado","Supermercados","Valor nutricional","Durabilidad","580 gramos","Ideal","ocasionalmente"
"2018/11/23 1:28:00 p. m. GMT-3","Si","Más de 3 integrantes","3","todos los días","granel","Almacenes de barrio","Precio","Ocasiones especiales","700 gramos","Castaño","ocasionalmente"
"2018/11/23 1:28:15 p. m. GMT-3","Si","Más de 3 integrantes","3","todos los días","granel","Almacenes de barrio","Precio","Ocasiones especiales","700 gramos","Ideal","ocasionalmente"
"2018/11/23 1:28:34 p. m. GMT-3","Si","Más de 3 integrantes","3","todos los días","envasado","Almacenes de barrio","Todas las anteriores","Ocasiones especiales","700 gramos","Fuch","ocasionalmente"
"2018/11/23 1:28:48 p. m. GMT-3","Si","Más de 3 integrantes","3","todos los días","granel","Almacenes de barrio","Precio","Ocasiones especiales","700 gramos","Ideal","ocasionalmente"
"2018/11/23 1:29:03 p. m. GMT-3","Si","Más de 3 integrantes","3","ocasionalmente","granel","Almacenes de barrio","Precio","Ocasiones especiales","700 gramos","Castaño","ocasionalmente"
"2018/11/23 1:29:18 p. m. GMT-3","Si","Más de 3 integrantes","3","todos los días","granel","Panderias","Cantidad","Ocasiones especiales","700 gramos","Marcas tradicionales de supermercados","ocasionalmente"
"2018/11/23 1:29:36 p. m. GMT-3","Si","Más de 3 integrantes","3","todos los días","granel","Panderias","Cantidad","Ocasiones especiales","700 gramos","Fuch","ocasionalmente"
"2018/11/23 1:29:54 p. m. GMT-3","Si","Más de 3 integrantes","3","todos los días","granel","Almacenes de barrio","Precio","Ocasiones especiales","700 gramos","Fuch","ocasionalmente"
"2018/11/23 1:30:11 p. m. GMT-3","Si","Más de 3 integrantes","3","ocasionalmente","granel","Almacenes de barrio","Marca","Durabilidad","580 gramos","Castaño","ocasionalmente"
"2018/11/23 1:30:28 p. m. GMT-3","Si","Más de 3 integrantes","4","ocasionalmente","granel","Almacenes de barrio","Cantidad","Durabilidad","700 gramos","Castaño","3 veces por semana"
"2018/11/23 1:30:42 p. m. GMT-3","Si","vivo solo","1","ocasionalmente","envasado","otro","Todas las anteriores","Sabor","580 gramos","Castaño","ocasionalmente"
"2018/11/23 1:30:58 p. m. GMT-3","Si","Más de 3 integrantes","3","todos los días","granel","Almacenes de barrio","Cantidad","Ocasiones especiales","700 gramos","Ideal","ocasionalmente"
"2018/11/23 1:31:15 p. m. GMT-3","Si","Más de 3 integrantes","3","todos los días","granel","Almacenes de barrio","Precio","Ocasiones especiales","700 gramos","Ideal","ocasionalmente"
"2018/11/23 1:32:47 p. m. GMT-3","Si","Más de 3 integrantes","3","todos los días","granel","Almacenes de barrio","Precio","Ocasiones especiales","700 gramos","Ideal","ocasionalmente"
"2018/11/23 1:33:03 p. m. GMT-3","Si","Más de 3 integrantes","3","todos los días","granel","Almacenes de barrio","Precio","Ocasiones especiales","700 gramos","Ideal","ocasionalmente"
"2018/11/23 1:33:17 p. m. GMT-3","Si","Más de 3 integrantes","3","todos los días","granel","Almacenes de barrio","Precio","Ocasiones especiales","700 gramos","Ideal","ocasionalmente"
"2018/11/23 1:33:33 p. m. GMT-3","Si","Más de 3 integrantes","3","todos los días","granel","Almacenes de barrio","Precio","Ocasiones especiales","700 gramos","Ideal","ocasionalmente"
"2018/11/23 1:33:53 p. m. GMT-3","Si","Más de 3 integrantes","3","todos los días","granel","Almacenes de barrio","Precio","Ocasiones especiales","700 gramos","Fuch","ocasionalmente"
"2018/11/23 1:34:09 p. m. GMT-3","Si","Más de 3 integrantes","4","todos los días","granel","Almacenes de barrio","Precio","Ocasiones especiales","700 gramos","Castaño","ocasionalmente"
"2018/11/23 1:34:25 p. m. GMT-3","Si","Más de 3 integrantes","3","todos los días","granel","Almacenes de barrio","Precio","Ocasiones especiales","700 gramos","Fuch","ocasionalmente"
"2018/11/23 1:34:36 p. m. GMT-3","Si","vivo solo","4","todos los días","granel","Almacenes de barrio","Precio","Durabilidad","300 gramos","Fuch","3 veces por semana"
"2018/11/23 1:34:56 p. m. GMT-3","No ( si tu escogiste esta alternativa finaliza la encuesta)","vivo solo","1","ocasionalmente","indiferente","otro","Precio","Ocasiones especiales","250 gramos","Marcas tradicionales de supermercados","ocasionalmente"
"2018/11/23 1:35:09 p. m. GMT-3","Si","Más de 3 integrantes","3","todos los días","granel","Almacenes de barrio","Precio","Ocasiones especiales","700 gramos","Fuch","ocasionalmente"
"2018/11/23 1:35:24 p. m. GMT-3","Si","Más de 3 integrantes","3","ocasionalmente","granel","Almacenes de barrio","Marca","Durabilidad","580 gramos","Ideal","ocasionalmente"
"2018/11/23 1:35:37 p. m. GMT-3","Si","Más de 3 integrantes","3","ocasionalmente","granel","Almacenes de barrio","Valor nutricional","Sabor","580 gramos","Castaño","ocasionalmente"
"2018/11/23 1:35:54 p. m. GMT-3","Si","Más de 3 integrantes","3","todos los días","granel","Almacenes de barrio","Precio","Ocasiones especiales","700 gramos","Ideal","ocasionalmente"
"2018/11/23 1:36:13 p. m. GMT-3","Si","Más de 3 integrantes","3","ocasionalmente","granel","Almacenes de barrio","Precio","Ocasiones especiales","700 gramos","Cena","ocasionalmente"
"2018/11/23 1:36:32 p. m. GMT-3","Si","Más de 3 integrantes","3","ocasionalmente","granel","Almacenes de barrio","Precio","Ocasiones especiales","700 gramos","Ideal","ocasionalmente"
"2018/11/23 1:36:51 p. m. GMT-3","Si","Más de 3 integrantes","3","todos los días","granel","Almacenes de barrio","Precio","Ocasiones especiales","700 gramos","Castaño","ocasionalmente"
"2018/11/23 1:37:05 p. m. GMT-3","Si","Más de 3 integrantes","3","todos los días","granel","Almacenes de barrio","Precio","Ocasiones especiales","700 gramos","Castaño","ocasionalmente"
"2018/11/23 1:37:23 p. m. GMT-3","Si","Más de 3 integrantes","3","todos los días","granel","Almacenes de barrio","Precio","Ocasiones especiales","700 gramos","Ideal","ocasionalmente"
"2018/11/23 1:37:41 p. m. GMT-3","Si","Más de 3 integrantes","3","ocasionalmente","granel","Almacenes de barrio","Precio","Ocasiones especiales","700 gramos","Ideal","ocasionalmente"
"2018/11/23 1:37:57 p. m. GMT-3","Si","Más de 3 integrantes","3","todos los días","granel","Almacenes de barrio","Precio","Ocasiones especiales","700 gramos","Ideal","ocasionalmente"
"2018/11/23 1:38:14 p. m. GMT-3","Si","Más de 3 integrantes","3","todos los días","granel","Almacenes de barrio","Precio","Ocasiones especiales","700 gramos","Ideal","ocasionalmente"
"2018/11/23 1:38:31 p. m. GMT-3","Si","Más de 3 integrantes","3","todos los días","granel","Almacenes de barrio","Precio","Ocasiones especiales","700 gramos","Fuch","ocasionalmente"
"2018/11/23 1:38:44 p. m. GMT-3","Si","Más de 3 integrantes","3","3 o más veces por semana","envasado","Supermercados","Valor nutricional","Ocasiones especiales","580 gramos","Fuch","3 veces por semana"
"2018/11/23 1:38:55 p. m. GMT-3","Si","vivo solo","2","3 o más veces por semana","envasado","Supermercados","Cantidad","Durabilidad","580 gramos","Ideal","3 veces por semana"
"2018/11/23 1:39:11 p. m. GMT-3","Si","3 integrantes","3","ocasionalmente","indiferente","otro","Todas las anteriores","Durabilidad","300 gramos","Cena","ocasionalmente"
"2018/11/23 1:39:30 p. m. GMT-3","Si","Más de 3 integrantes","3","todos los días","granel","Almacenes de barrio","Precio","Ocasiones especiales","700 gramos","Ideal","ocasionalmente"
"2018/11/23 1:39:48 p. m. GMT-3","Si","Más de 3 integrantes","3","todos los días","granel","Almacenes de barrio","Precio","Ocasiones especiales","700 gramos","Ideal","ocasionalmente"
"2018/11/23 1:40:06 p. m. GMT-3","Si","3 integrantes","3","todos los días","granel","Panderias","Precio","Ocasiones especiales","700 gramos","Cena","ocasionalmente"
"2018/11/23 1:40:23 p. m. GMT-3","Si","Más de 3 integrantes","3","ocasionalmente","granel","Almacenes de barrio","Precio","Ocasiones especiales","700 gramos","Fuch","ocasionalmente"
"2018/11/23 1:40:49 p. m. GMT-3","Si","3 integrantes","3","ocasionalmente","granel","Almacenes de barrio","Cantidad","Durabilidad","700 gramos","Ideal","ocasionalmente"
"2018/11/23 1:41:06 p. m. GMT-3","Si","Más de 3 integrantes","3","todos los días","granel","Almacenes de barrio","Cantidad","Durabilidad","700 gramos","Ideal","ocasionalmente"
"2018/11/23 1:41:25 p. m. GMT-3","Si","Más de 3 integrantes","3","todos los días","granel","Almacenes de barrio","Cantidad","Durabilidad","700 gramos","Ideal","ocasionalmente"
"2018/11/23 1:41:39 p. m. GMT-3","Si","Más de 3 integrantes","3","todos los días","granel","Almacenes de barrio","Precio","Durabilidad","700 gramos","Castaño","ocasionalmente"
"2018/11/23 1:41:55 p. m. GMT-3","Si","Más de 3 integrantes","3","todos los días","granel","Almacenes de barrio","Precio","Sabor","300 gramos","Ideal","3 veces por semana"
"2018/11/23 1:42:11 p. m. GMT-3","Si","3 integrantes","3","todos los días","granel","Supermercados","Cantidad","Ocasiones especiales","580 gramos","Ideal","ocasionalmente"
"2018/11/23 1:43:06 p. m. GMT-3","Si","Más de 3 integrantes","3","todos los días","granel","Almacenes de barrio","Cantidad","Ocasiones especiales","700 gramos","Ideal","ocasionalmente"
"2018/11/23 1:43:24 p. m. GMT-3","Si","Más de 3 integrantes","3","todos los días","granel","Almacenes de barrio","Cantidad","Ocasiones especiales","700 gramos","Castaño","ocasionalmente"
"2018/11/23 1:43:40 p. m. GMT-3","Si","Más de 3 integrantes","3","ocasionalmente","granel","Almacenes de barrio","Cantidad","Ocasiones especiales","700 gramos","Ideal","ocasionalmente"
"2018/11/23 1:43:59 p. m. GMT-3","Si","Más de 3 integrantes","3","ocasionalmente","granel","Almacenes de barrio","Cantidad","Ocasiones especiales","700 gramos","Castaño","ocasionalmente"
"2018/11/23 1:44:17 p. m. GMT-3","Si","Más de 3 integrantes","3","todos los días","granel","Almacenes de barrio","Precio","Ocasiones especiales","700 gramos","Ideal","ocasionalmente"
"2018/11/23 1:44:40 p. m. GMT-3","Si","Más de 3 integrantes","3","todos los días","granel","Almacenes de barrio","Precio","Ocasiones especiales","700 gramos","Ideal","ocasionalmente"
"2018/11/23 1:44:58 p. m. GMT-3","Si","Más de 3 integrantes","3","todos los días","granel","Almacenes de barrio","Precio","Sabor","700 gramos","Marcas tradicionales de supermercados","ocasionalmente"
"2018/11/23 1:45:14 p. m. GMT-3","Si","Más de 3 integrantes","3","todos los días","granel","Almacenes de barrio","Precio","Sabor","700 gramos","Ideal","ocasionalmente"
"2018/11/23 1:45:47 p. m. GMT-3","Si","Más de 3 integrantes","3","todos los días","granel","Almacenes de barrio","Precio","Ocasiones especiales","700 gramos","Castaño","ocasionalmente"
"2018/11/23 1:46:04 p. m. GMT-3","Si","Más de 3 integrantes","3","ocasionalmente","granel","Almacenes de barrio","Precio","Ocasiones especiales","700 gramos","Ideal","ocasionalmente"
"2018/11/23 1:46:21 p. m. GMT-3","Si","Más de 3 integrantes","3","todos los días","granel","Almacenes de barrio","Precio","Ocasiones especiales","700 gramos","Ideal","ocasionalmente"
"2018/11/23 1:46:46 p. m. GMT-3","Si","3 integrantes","3","todos los días","granel","Almacenes de barrio","Precio","Ocasiones especiales","700 gramos","Ideal","ocasionalmente"
"2018/11/23 1:47:01 p. m. GMT-3","Si","Más de 3 integrantes","3","todos los días","granel","Supermercados","Cantidad","Sabor","580 gramos","Marcas tradicionales de supermercados","ocasionalmente"
"2018/11/23 1:47:18 p. m. GMT-3","Si","Más de 3 integrantes","3","ocasionalmente","granel","Almacenes de barrio","Precio","Sabor","700 gramos","Ideal","ocasionalmente"
"2018/11/23 1:49:26 p. m. GMT-3","Si","Más de 3 integrantes","3","todos los días","granel","Almacenes de barrio","Precio","Ocasiones especiales","700 gramos","Marcas tradicionales de supermercados","ocasionalmente"
"2018/11/23 2:28:22 p. m. GMT-3","Si","Más de 3 integrantes","5","todos los días","pan preparado","Panderias","Precio","Ocasiones especiales","580 gramos","Ideal","ocasionalmente"
"2018/11/24 6:33:06 p. m. GMT-3","Si","Más de 3 integrantes","3","todos los días","granel","Almacenes de barrio","Cantidad","Ocasiones especiales","700 gramos","Ideal","ocasionalmente"
"2018/11/24 6:33:24 p. m. GMT-3","Si","Más de 3 integrantes","3","todos los días","granel","Almacenes de barrio","Cantidad","Ocasiones especiales","700 gramos","Ideal","ocasionalmente"
"2018/11/24 6:33:40 p. m. GMT-3","Si","Más de 3 integrantes","3","todos los días","granel","Almacenes de barrio","Cantidad","Ocasiones especiales","700 gramos","Ideal","ocasionalmente"
"2018/11/24 6:33:56 p. m. GMT-3","Si","Más de 3 integrantes","3","todos los días","granel","Almacenes de barrio","Cantidad","Ocasiones especiales","700 gramos","Castaño","ocasionalmente"
"2018/11/24 6:34:12 p. m. GMT-3","Si","Más de 3 integrantes","3","todos los días","granel","Almacenes de barrio","Cantidad","Ocasiones especiales","700 gramos","Ideal","ocasionalmente"
"2018/11/24 6:34:34 p. m. GMT-3","Si","Más de 3 integrantes","3","todos los días","granel","Almacenes de barrio","Cantidad","Ocasiones especiales","700 gramos","Ideal","ocasionalmente"
"2018/11/24 6:34:49 p. m. GMT-3","Si","Más de 3 integrantes","3","todos los días","granel","Almacenes de barrio","Cantidad","Ocasiones especiales","700 gramos","Ideal","ocasionalmente"
"2018/11/24 6:35:06 p. m. GMT-3","Si","Más de 3 integrantes","3","todos los días","granel","Almacenes de barrio","Cantidad","Ocasiones especiales","700 gramos","Ideal","ocasionalmente"
"2018/11/24 6:35:23 p. m. GMT-3","Si","Más de 3 integrantes","3","todos los días","granel","Almacenes de barrio","Cantidad","Ocasiones especiales","700 gramos","Ideal","ocasionalmente"
"2018/11/24 6:35:40 p. m. GMT-3","Si","Más de 3 integrantes","3","todos los días","granel","Almacenes de barrio","Cantidad","Ocasiones especiales","700 gramos","Ideal","ocasionalmente"
"2018/11/24 6:37:24 p. m. GMT-3","Si","Más de 3 integrantes","3","todos los días","granel","Almacenes de barrio","Cantidad","Ocasiones especiales","700 gramos","Ideal","ocasionalmente"
"2018/11/24 6:37:41 p. m. GMT-3","Si","Más de 3 integrantes","3","todos los días","granel","Almacenes de barrio","Cantidad","Ocasiones especiales","700 gramos","Ideal","ocasionalmente"
"2018/11/24 6:38:03 p. m. GMT-3","Si","Más de 3 integrantes","3","todos los días","granel","Almacenes de barrio","Cantidad","Ocasiones especiales","700 gramos","Ideal","ocasionalmente"
"2018/11/24 6:38:23 p. m. GMT-3","Si","Más de 3 integrantes","3","todos los días","granel","Almacenes de barrio","Cantidad","Ocasiones especiales","580 gramos","Ideal","ocasionalmente"
"2018/11/24 6:38:41 p. m. GMT-3","Si","Más de 3 integrantes","3","todos los días","granel","Almacenes de barrio","Cantidad","Ocasiones especiales","700 gramos","Ideal","ocasionalmente"
"2018/11/24 6:39:03 p. m. GMT-3","Si","Más de 3 integrantes","3","ocasionalmente","granel","Almacenes de barrio","Cantidad","Ocasiones especiales","700 gramos","Ideal","ocasionalmente"
"2018/11/24 6:39:19 p. m. GMT-3","Si","Más de 3 integrantes","4","ocasionalmente","granel","Almacenes de barrio","Cantidad","Ocasiones especiales","700 gramos","Fuch","ocasionalmente"
"2018/11/24 6:39:40 p. m. GMT-3","Si","Más de 3 integrantes","5","todos los días","granel","Almacenes de barrio","Cantidad","Ocasiones especiales","700 gramos","Ideal","ocasionalmente"
"2018/11/24 6:39:55 p. m. GMT-3","Si","Más de 3 integrantes","3","ocasionalmente","granel","Almacenes de barrio","Cantidad","Ocasiones especiales","700 gramos","Castaño","ocasionalmente"
"2018/11/24 6:40:10 p. m. GMT-3","Si","Más de 3 integrantes","3","todos los días","granel","Almacenes de barrio","Cantidad","Ocasiones especiales","700 gramos","Castaño","ocasionalmente"
"2018/11/24 6:40:28 p. m. GMT-3","Si","Más de 3 integrantes","3","todos los días","granel","Almacenes de barrio","Cantidad","Ocasiones especiales","580 gramos","Ideal","ocasionalmente"
"2018/11/24 6:40:48 p. m. GMT-3","Si","Más de 3 integrantes","3","todos los días","granel","Almacenes de barrio","Cantidad","Ocasiones especiales","700 gramos","Ideal","ocasionalmente"
"2018/11/24 6:41:06 p. m. GMT-3","Si","Más de 3 integrantes","3","todos los días","granel","Almacenes de barrio","Cantidad","Ocasiones especiales","700 gramos","Ideal","ocasionalmente"
"2018/11/24 6:41:32 p. m. GMT-3","Si","Más de 3 integrantes","3","todos los días","granel","Almacenes de barrio","Cantidad","Ocasiones especiales","700 gramos","Castaño","ocasionalmente"
"2018/11/24 6:41:48 p. m. GMT-3","Si","Más de 3 integrantes","3","todos los días","granel","Almacenes de barrio","Cantidad","Ocasiones especiales","700 gramos","Ideal","ocasionalmente"
"2018/11/24 6:42:04 p. m. GMT-3","Si","Más de 3 integrantes","3","todos los días","granel","Almacenes de barrio","Cantidad","Ocasiones especiales","700 gramos","Ideal","ocasionalmente"
"2018/11/24 6:42:23 p. m. GMT-3","Si","Más de 3 integrantes","3","ocasionalmente","granel","Almacenes de barrio","Cantidad","Ocasiones especiales","700 gramos","Ideal","ocasionalmente"
"2018/11/24 6:42:40 p. m. GMT-3","Si","Más de 3 integrantes","3","todos los días","granel","Almacenes de barrio","Cantidad","Ocasiones especiales","700 gramos","Ideal","ocasionalmente"
"2018/11/24 6:42:56 p. m. GMT-3","Si","Más de 3 integrantes","3","todos los días","granel","Almacenes de barrio","Cantidad","Ocasiones especiales","700 gramos","Ideal","ocasionalmente"
"2018/11/24 6:43:19 p. m. GMT-3","Si","Más de 3 integrantes","3","todos los días","granel","Almacenes de barrio","Cantidad","Ocasiones especiales","700 gramos","Castaño","ocasionalmente"
"2018/11/24 6:43:40 p. m. GMT-3","Si","Más de 3 integrantes","3","todos los días","granel","Almacenes de barrio","Cantidad","Ocasiones especiales","700 gramos","Ideal","ocasionalmente"
"2018/11/24 6:43:58 p. m. GMT-3","Si","Más de 3 integrantes","3","todos los días","granel","Almacenes de barrio","Cantidad","Ocasiones especiales","700 gramos","Ideal","ocasionalmente"
"2018/11/24 6:44:13 p. m. GMT-3","Si","Más de 3 integrantes","3","todos los días","granel","Almacenes de barrio","Cantidad","Ocasiones especiales","700 gramos","Ideal","ocasionalmente"
"2018/11/24 6:44:28 p. m. GMT-3","Si","Más de 3 integrantes","3","todos los días","granel","Almacenes de barrio","Cantidad","Ocasiones especiales","700 gramos","Fuch","ocasionalmente"
"2018/11/24 6:44:43 p. m. GMT-3","Si","Más de 3 integrantes","3","todos los días","granel","Almacenes de barrio","Cantidad","Ocasiones especiales","700 gramos","Ideal","ocasionalmente"
"2018/11/24 6:45:03 p. m. GMT-3","Si","Más de 3 integrantes","3","todos los días","granel","Almacenes de barrio","Cantidad","Ocasiones especiales","700 gramos","Ideal","ocasionalmente"
"2018/11/24 6:45:26 p. m. GMT-3","Si","Más de 3 integrantes","3","ocasionalmente","granel","Almacenes de barrio","Cantidad","Ocasiones especiales","700 gramos","Fuch","ocasionalmente"
"2018/11/24 6:45:42 p. m. GMT-3","Si","Más de 3 integrantes","3","ocasionalmente","granel","Almacenes de barrio","Cantidad","Ocasiones especiales","700 gramos","Ideal","ocasionalmente"
"2018/11/24 6:45:57 p. m. GMT-3","Si","Más de 3 integrantes","3","todos los días","granel","Almacenes de barrio","Cantidad","Ocasiones especiales","700 gramos","Ideal","ocasionalmente"
"2018/11/24 6:46:11 p. m. GMT-3","Si","Más de 3 integrantes","3","todos los días","granel","Almacenes de barrio","Cantidad","Ocasiones especiales","700 gramos","Ideal","ocasionalmente"
"2018/11/24 6:46:25 p. m. GMT-3","Si","Más de 3 integrantes","3","ocasionalmente","granel","Almacenes de barrio","Cantidad","Sabor","700 gramos","Ideal","ocasionalmente"
"2018/11/24 6:46:40 p. m. GMT-3","Si","Más de 3 integrantes","3","todos los días","granel","Almacenes de barrio","Cantidad","Ocasiones especiales","700 gramos","Ideal","ocasionalmente"
"2018/11/24 6:46:55 p. m. GMT-3","Si","Más de 3 integrantes","3","ocasionalmente","granel","Almacenes de barrio","Cantidad","Ocasiones especiales","700 gramos","Ideal","ocasionalmente"
"2018/11/24 6:47:09 p. m. GMT-3","Si","Más de 3 integrantes","3","todos los días","granel","Almacenes de barrio","Cantidad","Ocasiones especiales","700 gramos","Ideal","ocasionalmente"
"2018/11/24 6:47:24 p. m. GMT-3","Si","Más de 3 integrantes","3","todos los días","granel","Almacenes de barrio","Cantidad","Ocasiones especiales","700 gramos","Ideal","ocasionalmente"
"2018/11/24 6:48:39 p. m. GMT-3","Si","Más de 3 integrantes","4","todos los días","granel","Almacenes de barrio","Precio","Ocasiones especiales","700 gramos","Castaño","ocasionalmente"
"2018/11/24 6:48:54 p. m. GMT-3","Si","Más de 3 integrantes","4","todos los días","granel","Almacenes de barrio","Precio","Ocasiones especiales","580 gramos","Ideal","ocasionalmente"
"2018/11/24 6:49:07 p. m. GMT-3","Si","Más de 3 integrantes","5","3 o más veces por semana","granel","Almacenes de barrio","Precio","Ocasiones especiales","700 gramos","Fuch","ocasionalmente"
"2018/11/24 6:49:22 p. m. GMT-3","Si","Más de 3 integrantes","4","todos los días","granel","Almacenes de barrio","Precio","Ocasiones especiales","580 gramos","Fuch","ocasionalmente"
"2018/11/24 6:49:37 p. m. GMT-3","Si","Más de 3 integrantes","3","todos los días","granel","Almacenes de barrio","Precio","Ocasiones especiales","300 gramos","Ideal","ocasionalmente"
"2018/11/24 6:49:49 p. m. GMT-3","Si","Más de 3 integrantes","1","3 o más veces por semana","envasado","Panderias","Valor nutricional","Ocasiones especiales","700 gramos","Castaño","todos los días"
"2018/11/24 6:50:05 p. m. GMT-3","No ( si tu escogiste esta alternativa finaliza la encuesta)","2 integrantes","1","ocasionalmente","pan preparado","Panderias","Cantidad","Sabor","580 gramos","Castaño","ocasionalmente"
"2018/11/24 6:50:30 p. m. GMT-3","Si","Más de 3 integrantes","4","todos los días","granel","Almacenes de barrio","Precio","Durabilidad","700 gramos","Ideal","ocasionalmente"
"2018/11/24 6:50:48 p. m. GMT-3","Si","Más de 3 integrantes","4","todos los días","granel","Almacenes de barrio","Precio","Ocasiones especiales","700 gramos","Ideal","ocasionalmente"
"2018/11/24 6:51:04 p. m. GMT-3","Si","Más de 3 integrantes","3","ocasionalmente","granel","Almacenes de barrio","Precio","Ocasiones especiales","700 gramos","Ideal","ocasionalmente"
"2018/11/24 6:51:18 p. m. GMT-3","Si","Más de 3 integrantes","3","todos los días","granel","Almacenes de barrio","Precio","Ocasiones especiales","580 gramos","Ideal","ocasionalmente"
"2018/11/24 6:51:35 p. m. GMT-3","Si","Más de 3 integrantes","3","ocasionalmente","indiferente","otro","Precio","Ocasiones especiales","250 gramos","Ideal","todos los días"
"2018/11/24 6:51:51 p. m. GMT-3","Si","Más de 3 integrantes","4","todos los días","granel","Almacenes de barrio","Precio","Ocasiones especiales","700 gramos","Ideal","ocasionalmente"
"2018/11/24 6:52:06 p. m. GMT-3","Si","Más de 3 integrantes","4","todos los días","granel","Almacenes de barrio","Precio","Ocasiones especiales","700 gramos","Ideal","ocasionalmente"
"2018/11/24 6:52:21 p. m. GMT-3","Si","Más de 3 integrantes","4","todos los días","granel","Almacenes de barrio","Precio","Ocasiones especiales","700 gramos","Ideal","3 veces por semana"
"2018/11/24 6:52:48 p. m. GMT-3","Si","Más de 3 integrantes","4","todos los días","granel","Almacenes de barrio","Precio","Ocasiones especiales","700 gramos","Ideal","ocasionalmente"
"2018/11/24 6:53:04 p. m. GMT-3","Si","Más de 3 integrantes","4","todos los días","granel","Almacenes de barrio","Precio","Ocasiones especiales","700 gramos","Ideal","ocasionalmente"
"2018/11/24 6:53:22 p. m. GMT-3","Si","Más de 3 integrantes","4","todos los días","granel","Almacenes de barrio","Precio","Ocasiones especiales","580 gramos","Ideal","ocasionalmente"
"2018/11/24 6:53:58 p. m. GMT-3","Si","Más de 3 integrantes","4","todos los días","granel","Almacenes de barrio","Precio","Ocasiones especiales","700 gramos","Ideal","ocasionalmente"
"2018/11/24 6:54:12 p. m. GMT-3","Si","3 integrantes","5","3 o más veces por semana","granel","otro","Marca","Sabor","580 gramos","Fuch","3 veces por semana"
"2018/11/24 6:54:25 p. m. GMT-3","Si","2 integrantes","1","todos los días","envasado","Supermercados","Precio","Sabor","580 gramos","Ideal","ocasionalmente"
"2018/11/24 6:54:41 p. m. GMT-3","Si","Más de 3 integrantes","5","todos los días","granel","Almacenes de barrio","Precio","Ocasiones especiales","580 gramos","Ideal","ocasionalmente"
"2018/11/24 6:55:04 p. m. GMT-3","Si","Más de 3 integrantes","4","ocasionalmente","granel","Almacenes de barrio","Cantidad","Ocasiones especiales","700 gramos","Ideal","ocasionalmente"
"2018/11/24 6:55:20 p. m. GMT-3","Si","Más de 3 integrantes","5","ocasionalmente","granel","Almacenes de barrio","Precio","Durabilidad","250 gramos","Ideal","3 veces por semana"
"2018/11/24 6:55:33 p. m. GMT-3","Si","Más de 3 integrantes","5","ocasionalmente","granel","Almacenes de barrio","Cantidad","Ocasiones especiales","700 gramos","Ideal","ocasionalmente"
"2018/11/24 6:55:46 p. m. GMT-3","Si","Más de 3 integrantes","4","ocasionalmente","indiferente","otro","Precio","Durabilidad","580 gramos","Ideal","ocasionalmente"
"2018/11/24 6:56:00 p. m. GMT-3","Si","Más de 3 integrantes","5","ocasionalmente","granel","Almacenes de barrio","Precio","Ocasiones especiales","700 gramos","Ideal","ocasionalmente"
"2018/11/24 6:56:13 p. m. GMT-3","Si","Más de 3 integrantes","5","ocasionalmente","envasado","Supermercados","Todas las anteriores","Durabilidad","300 gramos","Cena","todos los días"
"2018/11/24 6:56:24 p. m. GMT-3","Si","2 integrantes","3","ocasionalmente","granel","Almacenes de barrio","Valor nutricional","Durabilidad","300 gramos","Fuch","ocasionalmente"
"2018/11/24 6:56:36 p. m. GMT-3","No ( si tu escogiste esta alternativa finaliza la encuesta)","2 integrantes","5","3 o más veces por semana","pan preparado","Panderias","Precio","Sabor","700 gramos","Fuch","3 veces por semana"
"2018/11/24 6:56:49 p. m. GMT-3","Si","vivo solo","3","todos los días","envasado","Almacenes de barrio","Cantidad","Sabor","300 gramos","Cena","ocasionalmente"
"2018/11/24 6:57:05 p. m. GMT-3","Si","vivo solo","3","todos los días","granel","Almacenes de barrio","Precio","Ocasiones especiales","580 gramos","Ideal","ocasionalmente"
"2018/11/24 6:57:19 p. m. GMT-3","Si","Más de 3 integrantes","5","todos los días","granel","Almacenes de barrio","Precio","Ocasiones especiales","700 gramos","Cena","ocasionalmente"
"2018/11/24 6:57:37 p. m. GMT-3","Si","Más de 3 integrantes","5","todos los días","granel","Almacenes de barrio","Precio","Ocasiones especiales","700 gramos","Ideal","ocasionalmente"
"2018/11/24 6:57:51 p. m. GMT-3","Si","Más de 3 integrantes","5","todos los días","granel","Almacenes de barrio","Precio","Ocasiones especiales","300 gramos","Castaño","ocasionalmente"
"2018/11/24 6:58:06 p. m. GMT-3","Si","Más de 3 integrantes","5","todos los días","granel","Almacenes de barrio","Precio","Sabor","700 gramos","Marcas tradicionales de supermercados","3 veces por semana"